average_flow_time,average_tardiness,episode_length,episode_return,episodes,jobs_completed,makespan,penalty_count,steps,steps_per_second,total_major_setups,total_minor_setups,total_tardiness
0,0,2,-1.0,1,0,0,0,2,5.225563787997523,0,0,0
0,0,1,-1.0,2,0,0,0,3,81.90880153104068,0,0,0
0,0,13,-1.0,3,0,83.00000042887405,0,16,91.23376686393898,3,0,0
0,0,8,-1.0,4,0,53.0000004847534,0,24,93.33612980214241,1,0,0
0,0,32,3999.0,5,4,532.0000007655472,0,56,87.85245355464166,10,1,0
0,0,3,-1.0,6,0,0,0,59,98.02294982355278,0,0,0
0,0,19,1999.0,7,2,302.9999957443215,0,78,90.23869408756661,5,1,0
0,0,8,-1.0,8,0,53.0000004847534,0,86,91.32445702465843,1,0,0
0,0,5,-1.0,9,0,0,0,91,97.7173902914069,0,0,0
0,0,22,2999.0,10,3,336.9999971985817,0,113,88.93285799511747,6,1,0
0,0,32,3999.0,11,4,532.0000007655472,0,145,88.56666202555952,10,1,0
0,0,32,3999.0,12,4,532.0000007655472,0,177,88.83931606733422,10,1,0
0,0,8,-1.0,13,0,53.0000004847534,0,185,95.46340436427779,1,0,0
0,0,12,-1.0,14,0,80.00000135158189,0,197,90.87677599328332,3,0,0
0,0,14,-1.0,15,0,92.99999988521449,0,211,95.68172278492563,3,0,0
0,0,35,3999.0,16,4,630.9999944153242,0,246,89.70380762894561,10,2,0
0,0,32,3999.0,17,4,532.0000007655472,0,278,88.8243825800141,10,1,0
0,0,27,2999.0,18,3,433.9999967138283,0,305,87.81689428740698,8,1,0
0,0,11,-1.0,19,0,61.99999923584983,0,316,97.43586581206509,3,0,0
0,0,15,1999.0,20,2,159.99999542720616,0,331,90.21314914417715,3,0,0
0,0,7,-1.0,21,0,48.00000151619315,0,338,101.49485786979263,1,0,0
0,0,27,2999.0,22,3,433.9999967138283,0,365,91.30431922187572,8,1,0
0,0,10,-1.0,23,0,61.99999923584983,0,375,97.65050451432057,2,0,0
0,0,32,3999.0,24,4,532.0000007655472,0,407,90.69243379042949,10,1,0
0,0,8,-1.0,25,0,53.0000004847534,0,415,98.89136060075566,1,0,0
0,0,31,4999.0,26,5,532.0000007655472,0,446,88.54099424519121,9,1,0
0,0,7,-1.0,27,0,48.00000151619315,0,453,99.0009846104045,1,0,0
0,0,32,3999.0,28,4,532.0000007655472,0,485,87.88806294625785,10,1,0
0,0,2,-1.0,29,0,0,0,487,91.28371202228607,0,0,0
0,0,4,-1.0,30,0,0,0,491,94.2005715857856,0,0,0
0,0,30,3999.0,31,4,523.9999961142894,0,521,83.37465983656253,9,1,0
0,0,16,1999.0,32,2,159.99999542720616,0,537,92.77098960162127,4,0,0
0,0,17,1999.0,33,2,177.99999814247712,0,554,88.59550431961551,4,0,0
0,0,6,-1.0,34,0,48.00000151619315,0,560,96.30160376239367,0,0,0
0,0,8,-1.0,35,0,53.0000004847534,0,568,94.97191410351844,1,0,0
0,0,31,3999.0,36,4,532.0000007655472,0,599,91.6425906217182,9,1,0
0,0,32,3999.0,37,4,532.0000007655472,0,631,91.53753054542206,10,1,0
0,0,18,1999.0,38,2,302.9999957443215,0,649,85.58280668860532,4,1,0
0,0,1,-1.0,39,0,0,0,650,82.37046347211312,0,0,0
0,0,11,-1.0,40,0,61.99999923584983,0,661,96.21287333119237,3,0,0
0,0,32,3999.0,41,4,532.0000007655472,0,693,88.372241612824,10,1,0
0,0,11,-1.0,42,0,83.00000042887405,0,704,95.34459321224796,2,0,0
0,0,13,-1.0,43,0,83.00000042887405,0,717,96.26315176210132,3,0,0
0,0,10,-1.0,44,0,61.99999923584983,0,727,96.9001589472517,2,0,0
0,0,23,2999.0,45,3,336.9999971985817,0,750,91.27602510377115,7,1,0
0,0,32,3999.0,46,4,532.0000007655472,0,782,87.9743007392929,10,1,0
0,0,20,1999.0,47,2,306.9999985652976,0,802,90.24219904772765,5,1,0
0,0,7,-1.0,48,0,48.00000151619315,0,809,101.63117321877954,1,0,0
0,0,8,-1.0,49,0,53.0000004847534,0,817,96.13761764916553,1,0,0
0,0,32,3999.0,50,4,532.0000007655472,0,849,91.70126280966439,10,1,0
0,0,32,3999.0,51,4,532.0000007655472,0,881,90.90995346052273,10,1,0
0,0,5,-1.0,52,0,0,0,886,101.91233356011274,0,0,0
0,0,32,3999.0,53,4,532.0000007655472,0,918,88.89627400279768,10,1,0
0,0,17,1999.0,54,2,137.00000356999226,0,935,89.45928842250008,4,0,0
0,0,20,1999.0,55,2,306.9999985652976,0,955,89.23509957374925,5,1,0
0,0,14,-1.0,56,0,92.99999988521449,0,969,92.5951863958837,3,0,0
0,0,23,2999.0,57,3,336.9999971985817,0,992,89.4916834111651,7,1,0
0,0,15,1999.0,58,2,159.99999542720616,0,1007,93.69396416923558,3,0,0
0,0,11,-1.0,59,0,61.99999923584983,0,1018,99.17018962500592,3,0,0
0,0,5,-1.0,60,0,0,0,1023,97.65959923815201,0,0,0
0,0,5,-1.0,61,0,0,0,1028,98.60876270724206,0,0,0
0,0,32,3999.0,62,4,532.0000007655472,0,1060,91.08763957404847,10,1,0
0,0,32,3999.0,63,4,532.0000007655472,0,1092,89.24264676548108,10,1,0
0,0,6,-1.0,64,0,48.00000151619315,0,1098,101.55781725437654,0,0,0
0,0,19,1999.0,65,2,302.9999957443215,0,1117,89.55359723467711,5,1,0
0,0,28,2999.0,66,3,472.9999971925281,0,1145,89.20993793160551,8,1,0
0,0,32,3999.0,67,4,532.0000007655472,0,1177,91.64728785123691,10,1,0
0,0,4,-1.0,68,0,0,0,1181,95.39989309799729,0,0,0
0,0,9,-1.0,69,0,53.0000004847534,0,1190,92.09996413470711,2,0,0
0,0,7,-1.0,70,0,48.00000151619315,0,1197,93.87340574172777,1,0,0
0,0,11,-1.0,71,0,61.99999923584983,0,1208,97.29121777069244,3,0,0
0,0,34,3999.0,72,4,532.0000007655472,0,1242,87.29430647265256,10,1,0
0,0,17,1999.0,73,2,177.99999814247712,0,1259,83.13425293842626,4,0,0
0,0,22,2999.0,74,3,336.9999971985817,0,1281,85.6863502180819,6,1,0
0,0,32,3999.0,75,4,532.0000007655472,0,1313,83.85877348688334,10,1,0
0,0,32,3999.0,76,4,532.0000007655472,0,1345,85.90412906190616,10,1,0
0,0,32,3999.0,77,4,532.0000007655472,0,1377,88.06775728529922,10,1,0
0,0,25,2999.0,78,3,405.99999703699723,0,1402,81.79156168828636,7,1,0
0,0,13,-1.0,79,0,83.00000042887405,0,1415,95.15740094379136,3,0,0
0,0,9,-1.0,80,0,53.0000004847534,0,1424,98.70111777856218,2,0,0
0,0,5,-1.0,81,0,0,0,1429,106.90918730437087,0,0,0
0,0,6,-1.0,82,0,48.00000151619315,0,1435,97.94550415082297,0,0,0
0,0,11,-1.0,83,0,61.99999923584983,0,1446,97.32035935090713,3,0,0
0,0,5,-1.0,84,0,0,0,1451,101.688478565506,0,0,0
0,0,18,1999.0,85,2,302.9999957443215,0,1469,94.61500055141714,4,1,0
0,0,10,-1.0,86,0,61.99999923584983,0,1479,98.56218672820286,2,0,0
0,0,32,3999.0,87,4,532.0000007655472,0,1511,87.08718728669052,10,1,0
0,0,32,3999.0,88,4,532.0000007655472,0,1543,90.62097416157975,10,1,0
0,0,10,-1.0,89,0,61.99999923584983,0,1553,95.41834065109084,2,0,0
0,0,32,3999.0,90,4,532.0000007655472,0,1585,87.95210585361251,10,1,0
0,0,18,1999.0,91,2,302.9999957443215,0,1603,74.69265860354679,4,1,0
0,0,2,-1.0,92,0,0,0,1605,78.93600323700727,0,0,0
0,0,3,-1.0,93,0,0,0,1608,56.98395489436859,0,0,0
0,0,11,-1.0,94,0,61.99999923584983,0,1619,75.37882572830365,3,0,0
0,0,10,-1.0,95,0,61.99999923584983,0,1629,77.6862510487995,2,0,0
0,0,3,-1.0,96,0,0,0,1632,83.98406140497246,0,0,0
0,0,16,1999.0,97,2,159.99999542720616,0,1648,81.37652954935969,4,0,0
0,0,19,1999.0,98,2,302.9999957443215,0,1667,82.77454851016404,5,1,0
0,0,7,-1.0,99,0,48.00000151619315,0,1674,97.05538678188087,1,0,0
0,0,8,-1.0,100,0,53.0000004847534,0,1682,93.09814105765496,1,0,0
0,0,23,2999.0,101,3,336.9999971985817,0,1705,85.47570513541842,7,1,0
0,0,32,3999.0,102,4,532.0000007655472,0,1737,89.02404724682073,10,1,0
0,0,32,3999.0,103,4,532.0000007655472,0,1769,87.80314283265767,10,1,0
0,0,27,2999.0,104,3,433.9999967138283,0,1796,88.71152708788493,8,1,0
0,0,4,-1.0,105,0,0,0,1800,100.29841038302655,0,0,0
0,0,26,2999.0,106,3,433.9999967138283,0,1826,88.51486260752684,7,1,0
0,0,20,1999.0,107,2,306.9999985652976,0,1846,92.3347055586131,5,1,0
0,0,25,2999.0,108,3,405.99999703699723,0,1871,93.59578122043266,7,1,0
0,0,2,-1.0,109,0,0,0,1873,96.66410850301334,0,0,0
0,0,13,-1.0,110,0,83.00000042887405,0,1886,96.60527975620991,3,0,0
0,0,29,3999.0,111,4,523.9999961142894,0,1915,90.17828541264774,8,1,0
0,0,32,3999.0,112,4,532.0000007655472,0,1947,90.39630919266958,10,1,0
0,0,10,-1.0,113,0,61.99999923584983,0,1957,95.63787021645791,2,0,0
0,0,32,3999.0,114,4,532.0000007655472,0,1989,85.89648728490316,10,1,0
0,0,7,-1.0,115,0,48.00000151619315,0,1996,94.66062251339622,1,0,0
0,0,7,-1.0,116,0,48.00000151619315,0,2003,103.03136898474538,1,0,0
0,0,21,1999.0,117,2,306.9999985652976,0,2024,92.8175113255206,6,1,0
0,0,28,2999.0,118,3,472.9999971925281,0,2052,87.07475762419814,8,1,0
0,0,1,-1.0,119,0,0,0,2053,88.347635597683,0,0,0
0,0,7,-1.0,120,0,48.00000151619315,0,2060,98.01935005708867,1,0,0
0,0,27,2999.0,121,3,433.9999967138283,0,2087,86.03883539402928,8,1,0
0,0,1,-1.0,122,0,0,0,2088,86.37541959266048,0,0,0
0,0,32,3999.0,123,4,532.0000007655472,0,2120,87.82451550761688,10,1,0
0,0,32,3999.0,124,4,532.0000007655472,0,2152,85.4733195439308,10,1,0
0,0,32,3999.0,125,4,532.0000007655472,0,2184,87.4767262476985,10,1,0
0,0,15,1999.0,126,2,177.99999814247712,0,2199,91.23063247783928,3,0,0
0,0,32,3999.0,127,4,532.0000007655472,0,2231,90.76013951683034,10,1,0
0,0,1,-1.0,128,0,0,0,2232,90.84479098982023,0,0,0
0,0,32,3999.0,129,4,532.0000007655472,0,2264,91.4584385840942,10,1,0
0,0,12,-1.0,130,0,80.00000135158189,0,2276,93.83387864449627,3,0,0
0,0,2,-1.0,131,0,0,0,2278,90.76910092299036,0,0,0
0,0,15,1999.0,132,2,159.99999542720616,0,2293,84.85649892166819,3,0,0
0,0,11,-1.0,133,0,61.99999923584983,0,2304,91.17133253367743,3,0,0
0,0,27,2999.0,134,3,433.9999967138283,0,2331,88.37521353181029,8,1,0
0,0,17,1999.0,135,2,177.99999814247712,0,2348,91.81701797241492,4,0,0
0,0,22,2999.0,136,3,336.9999971985817,0,2370,91.45071703947434,6,1,0
0,0,25,2999.0,137,3,405.99999703699723,0,2395,90.45109266661721,7,1,0
0,0,5,-1.0,138,0,0,0,2400,102.21533362577375,0,0,0
0,0,7,-1.0,139,0,48.00000151619315,0,2407,97.9170310191531,1,0,0
0,0,24,2999.0,140,3,336.99999725446105,0,2431,90.16938318493703,7,1,0
0,0,26,2999.0,141,3,433.9999967138283,0,2457,90.98774335980455,7,1,0
0,0,23,2999.0,142,3,336.9999971985817,0,2480,90.72680197612883,7,1,0
0,0,18,1999.0,143,2,302.9999957443215,0,2498,92.60936796589898,4,1,0
0,0,21,1999.0,144,2,306.9999985652976,0,2519,92.73737685344969,6,1,0
0,0,1,-1.0,145,0,0,0,2520,85.17390951181869,0,0,0
0,0,8,-1.0,146,0,53.0000004847534,0,2528,91.54870675542945,1,0,0
0,0,32,3999.0,147,4,532.0000007655472,0,2560,92.11044931197367,10,1,0
0,0,9,-1.0,148,0,53.0000004847534,0,2569,100.4602323836086,2,0,0
0,0,32,3999.0,149,4,532.0000007655472,0,2601,89.09159025405671,10,1,0
0,0,28,2999.0,150,3,472.9999971925281,0,2629,88.90858974058095,8,1,0
0,0,32,3999.0,151,4,532.0000007655472,0,2661,90.58256603656433,10,1,0
0,0,19,1999.0,152,2,302.9999957443215,0,2680,90.96622031164567,4,1,0
0,0,24,2999.0,153,3,336.99999725446105,0,2704,89.42721373079435,7,1,0
0,0,6,-1.0,154,0,48.00000151619315,0,2710,100.4507422294425,0,0,0
0,0,32,3999.0,155,4,532.0000007655472,0,2742,83.98108360082342,10,1,0
0,0,2,-1.0,156,0,0,0,2744,80.14185264445123,0,0,0
0,0,1,-1.0,157,0,0,0,2745,86.37897728442861,0,0,0
0,0,9,-1.0,158,0,53.0000004847534,0,2754,100.91598963805369,2,0,0
0,0,21,1999.0,159,2,306.9999985652976,0,2775,93.27318185331988,6,1,0
0,0,12,-1.0,160,0,80.00000135158189,0,2787,99.51213956946049,3,0,0
0,0,6,-1.0,161,0,48.00000151619315,0,2793,84.98149142446131,0,0,0
0,0,14,999.0,162,1,177.99999814247712,0,2807,94.76465642313397,3,0,0
0,0,31,3999.0,163,4,532.0000007655472,0,2838,86.86672968937377,9,1,0
0,0,22,2999.0,164,3,336.9999971985817,0,2860,92.9645781343349,6,1,0
0,0,6,-1.0,165,0,48.00000151619315,0,2866,87.07325123953788,0,0,0
0,0,5,-1.0,166,0,0,0,2871,100.06498742717544,0,0,0
0,0,9,-1.0,167,0,53.0000004847534,0,2880,96.44467722526399,2,0,0
0,0,31,3999.0,168,4,532.0000007655472,0,2911,87.63806338595388,9,1,0
0,0,19,1999.0,169,2,302.9999957443215,0,2930,91.10276125869682,5,1,0
0,0,3,-1.0,170,0,0,0,2933,102.61796295843222,0,0,0
0,0,27,2999.0,171,3,433.9999967138283,0,2960,89.76687416125603,8,1,0
0,0,7,-1.0,172,0,48.00000151619315,0,2967,92.25926752242839,1,0,0
0,0,6,-1.0,173,0,48.00000151619315,0,2973,99.3502826643085,0,0,0
0,0,23,2999.0,174,3,336.9999971985817,0,2996,89.82599999627544,7,1,0
0,0,25,2999.0,175,3,405.99999703699723,0,3021,87.33315454307707,7,1,0
0,0,32,3999.0,176,4,532.0000007655472,0,3053,89.23748463316736,10,1,0
0,0,17,1999.0,177,2,177.99999814247712,0,3070,66.46845219284876,4,0,0
0,0,32,3999.0,178,4,532.0000007655472,0,3102,64.52192205704485,10,1,0
0,0,6,-1.0,179,0,48.00000151619315,0,3108,75.85962585382616,0,0,0
0,0,10,-1.0,180,0,61.99999923584983,0,3118,71.56135420985373,2,0,0
0,0,32,3999.0,181,4,532.0000007655472,0,3150,67.3669467730877,10,1,0
0,0,7,-1.0,182,0,48.00000151619315,0,3157,73.99263101124501,1,0,0
0,0,32,3999.0,183,4,532.0000007655472,0,3189,65.76305594168146,10,1,0
0,0,32,3999.0,184,4,532.0000007655472,0,3221,58.99039884460896,10,1,0
0,0,9,-1.0,185,0,53.0000004847534,0,3230,70.32663577780137,2,0,0
0,0,10,-1.0,186,0,61.99999923584983,0,3240,70.8254433023811,2,0,0
0,0,18,1999.0,187,2,302.9999957443215,0,3258,66.75450143770138,4,1,0
0,0,32,3999.0,188,4,532.0000007655472,0,3290,67.27587636307132,10,1,0
0,0,10,-1.0,189,0,61.99999923584983,0,3300,71.05485260659573,2,0,0
0,0,32,3999.0,190,4,532.0000007655472,0,3332,70.61069552870272,10,1,0
0,0,23,2999.0,191,3,336.9999971985817,0,3355,78.07903652683464,7,1,0
0,0,9,-1.0,192,0,53.0000004847534,0,3364,84.5656116706692,2,0,0
0,0,1,-1.0,193,0,0,0,3365,79.80182271352194,0,0,0
0,0,9,-1.0,194,0,53.0000004847534,0,3374,84.17113959275413,2,0,0
0,0,1,-1.0,195,0,0,0,3375,79.46617153900078,0,0,0
0,0,15,1999.0,196,2,159.99999542720616,0,3390,77.68610715979138,3,0,0
0,0,19,1999.0,197,2,302.9999957443215,0,3409,78.06910955784029,5,1,0
0,0,6,-1.0,198,0,48.00000151619315,0,3415,85.50090713271318,0,0,0
0,0,32,3999.0,199,4,532.0000007655472,0,3447,76.87115473058844,10,1,0
0,0,15,1999.0,200,2,159.99999542720616,0,3462,78.74044444889438,3,0,0
0,0,32,3999.0,201,4,532.0000007655472,0,3494,69.66750772236546,10,1,0
0,0,6,-1.0,202,0,48.00000151619315,0,3500,79.95318293159485,0,0,0
0,0,32,3999.0,203,4,532.0000007655472,0,3532,77.22263532601254,10,1,0
0,0,32,3999.0,204,4,532.0000007655472,0,3564,78.65290871841994,10,1,0
0,0,4,-1.0,205,0,0,0,3568,86.71516216565448,0,0,0
0,0,32,3999.0,206,4,532.0000007655472,0,3600,77.07208848682454,10,1,0
0,0,5,-1.0,207,0,0,0,3605,90.55295042185894,0,0,0
0,0,28,2999.0,208,3,472.9999971925281,0,3633,78.8319391471635,8,1,0
0,0,4,-1.0,209,0,0,0,3637,94.8508367254636,0,0,0
0,0,9,-1.0,210,0,53.0000004847534,0,3646,91.02441706252561,2,0,0
0,0,4,-1.0,211,0,0,0,3650,96.19632352097979,0,0,0
0,0,10,-1.0,212,0,61.99999923584983,0,3660,90.67451850218455,2,0,0
0,0,12,-1.0,213,0,80.00000135158189,0,3672,89.70941730891255,3,0,0
0,0,12,-1.0,214,0,80.00000135158189,0,3684,90.23064801518794,3,0,0
0,0,16,1999.0,215,2,159.99999542720616,0,3700,85.02423567480182,4,0,0
0,0,32,3999.0,216,4,532.0000007655472,0,3732,83.87889786936994,10,1,0
0,0,4,-1.0,217,0,0,0,3736,94.71108326135678,0,0,0
0,0,6,-1.0,218,0,48.00000151619315,0,3742,92.25583705729463,0,0,0
0,0,29,3999.0,219,4,523.9999961142894,0,3771,84.1418712887177,8,1,0
0,0,32,3999.0,220,4,532.0000007655472,0,3803,83.11590722467932,10,1,0
0,0,5,-1.0,221,0,0,0,3808,95.3771147898854,0,0,0
0,0,18,1999.0,222,2,302.9999957443215,0,3826,81.2944140791565,4,1,0
0,0,17,1999.0,223,2,159.99999542720616,0,3843,73.02891427318974,4,0,0
0,0,12,-1.0,224,0,80.00000135158189,0,3855,87.52599435177585,3,0,0
0,0,11,-1.0,225,0,61.99999923584983,0,3866,92.11440892846447,3,0,0
0,0,19,1999.0,226,2,302.9999957443215,0,3885,85.75831952306136,5,1,0
0,0,32,3999.0,227,4,532.0000007655472,0,3917,84.46864971852747,10,1,0
0,0,10,-1.0,228,0,61.99999923584983,0,3927,89.91467942616555,2,0,0
0,0,9,-1.0,229,0,53.0000004847534,0,3936,90.38149691136331,2,0,0
0,0,29,3999.0,230,4,523.9999961142894,0,3965,83.79096281049236,8,1,0
0,0,15,1999.0,231,2,159.99999542720616,0,3980,85.82480513138114,3,0,0
0,0,4,-1.0,232,0,0,0,3984,95.39284150675195,0,0,0
0,0,6,-1.0,233,0,48.00000151619315,0,3990,90.56689818980098,0,0,0
0,0,29,2999.0,234,3,433.9999967138283,0,4019,3.5016770995988042,9,1,0
0,0,35,5999.0,235,6,826.0000246018171,0,4054,13.410330952370511,9,3,0
0,0,40,3999.0,236,4,823.0000070296228,0,4094,14.50240626027028,11,2,0
0,0,29,2999.0,237,3,458.000000230968,0,4123,15.400804664297782,8,1,0
0,0,8,-1.0,238,0,48.00000151619315,0,4131,16.457447789450967,1,0,0
0,0,18,1999.0,239,2,334.0000018151477,0,4149,17.963245255759972,4,0,0
0,0,6,-1.0,240,0,44.99999940046109,0,4155,18.17227751513344,0,0,0
0,0,7,-1.0,241,0,44.99999940046109,0,4162,16.268648743895127,1,0,0
0,0,29,4999.0,242,5,565.0000037602149,0,4191,16.729751963016923,8,1,0
0,0,35,3999.0,243,4,686.0000046738423,0,4226,14.49523811780746,10,1,0
0,0,42,5999.0,244,6,853.0000088433735,0,4268,14.578253124740096,11,3,0
0,0,25,3999.0,245,4,443.9999949152116,0,4293,15.675255565882054,6,0,0
0,0,7,-1.0,246,0,44.99999940046109,0,4300,14.361033637737657,1,0,0
0,0,7,-1.0,247,0,44.99999940046109,0,4307,17.654429282172593,1,0,0
0,0,10,-1.0,248,0,80.00000135158189,0,4317,15.824074996302702,2,0,0
0,0,34,3999.0,249,4,605.9999967983458,0,4351,16.01246806070005,9,1,0
0,0,13,-1.0,250,0,89.99999771360308,0,4364,14.94195743486763,3,0,0
0,0,29,3999.0,251,4,552.0000021881424,0,4393,16.698991016153023,9,0,0
0,0,40,4999.0,252,5,859.0000056719873,0,4433,16.858272258847766,10,2,0
0,0,14,-1.0,253,0,80.00000135158189,0,4447,17.024617745071378,3,0,0
0,0,33,5999.0,254,6,636.0000043537002,0,4480,16.226504182826794,9,1,0
0,0,13,-1.0,255,0,84.99999880092219,0,4493,18.068370647470953,3,0,0
0,0,34,5999.0,256,6,626.0000169242267,0,4527,17.62297795816842,9,2,0
0,0,15,999.0,257,1,182.99999922979623,0,4542,16.82787913478178,4,0,0
0,0,36,5999.0,258,6,636.0000043537002,0,4578,17.157781308687117,10,2,0
0,0,37,6999.0,259,7,716.0000011324883,0,4615,17.307176719520783,10,1,0
0,0,7,-1.0,260,0,44.99999940046109,0,4622,15.542608849401988,1,0,0
0,0,21,1999.0,261,2,280.00000236788765,0,4643,17.765939606960554,6,0,0
0,0,18,999.0,262,1,194.00000421330333,0,4661,17.8759302602278,5,0,0
0,0,45,6999.0,263,7,1000.0000070175156,0,4706,17.02042040899253,13,1,0
0,0,19,1999.0,264,2,202.00000113109127,0,4725,17.493983161017013,5,0,0
0,0,2,-1.0,265,0,0,0,4727,16.698698718625025,0,0,0
0,0,11,-1.0,266,0,89.99999771360308,0,4738,15.671284878173712,2,0,0
0,0,13,999.0,267,1,130.0000013515819,0,4751,18.442381459244654,3,0,0
0,0,26,3999.0,268,4,735.9999744826928,0,4777,17.40323999422934,8,1,0
0,0,26,3999.0,269,4,687.000000430271,0,4803,17.306057157076268,8,1,0
0,0,9,-1.0,270,0,49.00000070221722,0,4812,16.34829486988487,2,0,0
0,0,20,1999.0,271,2,202.00000113109127,0,4832,17.348172100916525,5,0,0
0,0,2,-1.0,272,0,0,0,4834,16.60679704868638,0,0,0
0,0,20,1999.0,273,2,202.00000113109127,0,4854,16.49090421912834,5,0,0
0,0,20,1999.0,274,2,202.00000113109127,0,4874,16.691103260060697,5,0,0
0,0,21,1999.0,275,2,202.00000113109127,0,4895,17.999491161017293,5,0,0
0,0,7,-1.0,276,0,44.99999940046109,0,4902,15.725932892980566,1,0,0
0,0,19,1999.0,277,2,202.00000113109127,0,4921,17.552044539660592,5,0,0
0,0,19,1999.0,278,2,202.00000113109127,0,4940,16.322598973393056,5,0,0
0,0,28,999.0,279,1,312.00000756885856,0,4968,17.202014841653245,5,0,0
0,0,1,-1.0,280,0,0,0,4969,67.98009692215433,0,0,0
0,0,18,999.0,281,1,150.00000356696546,0,4987,17.181598278960667,4,0,0
0,0,89,6999.0,282,7,1165.9999639145099,0,5076,15.428822866792265,16,2,0
0,0,1,-1.0,283,0,0,0,5077,40.386542646407456,0,0,0
0,0,22,1999.0,284,2,357.99999568844214,0,5099,9.286248898276309,5,0,0
0,0,17,999.0,285,1,213.00000090152025,0,5116,4.899080539092033,5,0,0
0,0,17,999.0,286,1,213.00000090152025,0,5133,8.476136575044057,5,0,0
0,0,3,-1.0,287,0,0,0,5136,6.586212040557071,0,0,0
0,0,4,-1.0,288,0,0,0,5140,8.519436730146495,0,0,0
0,0,13,999.0,289,1,204.9999952595681,0,5153,9.067227181417872,2,0,0
0,0,33,3999.0,290,4,668.9999986905605,0,5186,11.035386627119195,8,1,0
0,0,29,1999.0,291,2,577.999991059769,0,5215,13.213672584176116,6,0,0
0,0,30,1999.0,292,2,600.9999767690897,0,5245,13.100488728794978,7,0,0
0,0,29,1999.0,293,2,623.9999949000776,0,5274,12.64959148626659,6,1,0
0,0,1,-1.0,294,0,0,0,5275,50.84497890704553,0,0,0
0,0,5,-1.0,295,0,0,0,5280,11.36635715416151,0,0,0
0,0,58,5999.0,296,6,1052.9999656043947,0,5338,14.610821177200213,10,2,0
0,0,27,2999.0,297,3,693.9999782852829,0,5365,16.409454596670354,7,2,0
0,0,9,-1.0,298,0,94.00000053457916,0,5374,13.070394133187447,1,0,0
0,0,28,1999.0,299,2,424.9999906308949,0,5402,15.037967629584102,5,1,0
0,0,12,999.0,300,1,174.9999953713268,0,5414,14.318614442750176,2,0,0
0,0,18,999.0,301,1,230.0000035110861,0,5432,13.185884936988572,5,0,0
0,0,12,999.0,302,1,174.9999953713268,0,5444,12.597206680280449,2,0,0
0,0,2,-1.0,303,0,0,0,5446,13.244299190842709,0,0,0
0,0,6,-1.0,304,0,44.99999940046109,0,5452,13.616168108856522,0,0,0
0,0,2,-1.0,305,0,0,0,5454,13.962280606852472,0,0,0
0,0,18,999.0,306,1,213.00000090152025,0,5472,14.465688919409427,4,0,0
0,0,19,999.0,307,1,281.00000029895455,0,5491,15.928533666141456,4,0,0
0,0,24,999.0,308,1,447.9999962169677,0,5515,14.311971715942967,4,1,0
0,0,9,-1.0,309,0,91.00000297650695,0,5524,11.572856252034898,1,0,0
0,0,21,999.0,310,1,244.00000610854477,0,5545,14.290444556139883,5,0,0
0,0,17,999.0,311,1,174.9999953713268,0,5562,12.821478997084817,4,0,0
0,0,5,-1.0,312,0,0,0,5567,16.13080930488712,0,0,0
0,0,4,-1.0,313,0,0,0,5571,13.79379702323547,0,0,0
0,0,1,-1.0,314,0,0,0,5572,7.535648002587159,0,0,0
0,0,16,999.0,315,1,213.00000090152025,0,5588,14.651473937902985,4,0,0
0,0,20,999.0,316,1,281.00000029895455,0,5608,15.147578874378828,4,0,0
0,0,4,-1.0,317,0,0,0,5612,15.251598592765651,0,0,0
0,0,29,1999.0,318,2,668.9999986905605,0,5641,15.712215993531933,6,1,0
0,0,20,1999.0,319,2,535.9999988763593,0,5661,15.875280962455259,4,1,0
0,0,26,2999.0,320,3,550.0000034808181,0,5687,14.794092884932049,5,1,0
0,0,16,999.0,321,1,329.9999950360507,0,5703,14.659151803754956,3,0,0
0,0,29,2999.0,322,3,664.0000069979578,0,5732,14.39809128381192,6,1,0
0,0,62,2999.0,323,3,1402.0000422373414,0,5794,15.899158798663219,15,1,0
0,0,19,999.0,324,1,501.0000032663811,0,5813,15.721055624940941,5,0,0
0,0,33,2999.0,325,3,791.0000082408078,0,5846,14.795562871453663,7,1,0
0,0,1,-1.0,326,0,0,0,5847,57.86204613177353,0,0,0
0,0,13,999.0,327,1,329.9999950360507,0,5860,14.05309127816336,3,0,0
0,0,23,1999.0,328,2,654.0000060223974,0,5883,16.383385066559153,5,0,0
0,0,28,2999.0,329,3,747.0000075385906,0,5911,16.145984137024694,7,1,0
0,0,30,3999.0,330,4,640.0000109244138,0,5941,15.80894151844293,7,1,0
0,0,16,1999.0,331,2,174.9999953713268,0,5957,15.437346912110298,4,0,0
0,0,41,3999.0,332,4,1228.000009758398,0,5998,13.767451065380206,12,1,0
0,0,6,-1.0,333,0,38.000000540632755,0,6004,13.473792417766512,0,0,0
0,0,21,1999.0,334,2,629.000003207475,0,6025,13.072014494319458,5,0,0
0,0,18,1999.0,335,2,538.00000358955,0,6043,13.687470323936163,4,0,0
0,0,1,-1.0,336,0,0,0,6044,8.037636561888574,0,0,0
0,0,5,-1.0,337,0,0,0,6049,17.233475716283756,0,0,0
0,0,82,3999.0,338,4,1443.0000150122214,0,6131,14.893122006640251,19,2,0
0,0,22,999.0,339,1,459.00000245543197,0,6153,15.402783610815286,5,0,0
0,0,13,1999.0,340,2,670.0000057369471,0,6166,14.026671948818011,3,0,0
0,0,2,-1.0,341,0,0,0,6168,15.18410020634978,0,0,0
0,0,3,-1.0,342,0,0,0,6171,21.275547574844527,0,0,0
0,0,43,2999.0,343,3,1392.9999843076803,0,6214,15.781982182218796,15,0,0
0,0,67,1999.0,344,2,1463.999963561073,0,6281,15.629256879635392,16,2,0
0,0,51,3999.0,345,4,1052.9999656043947,0,6332,15.092436111525819,10,1,0
0,0,29,1999.0,346,2,965.0000207871199,0,6361,17.0130616200079,6,0,0
0,0,25,1999.0,347,2,916.9999626278877,0,6386,14.997446256609804,4,0,0
0,0,5,-1.0,348,0,0,0,6391,18.631298490503347,0,0,0
0,0,22,1999.0,349,2,633.0000040214509,0,6413,15.742337622633693,4,0,0
0,0,27,1999.0,350,2,810.0000055285636,0,6440,15.187187244105766,5,0,0
0,0,7,-1.0,351,0,38.000000540632755,0,6447,19.215938163694734,0,0,0
0,0,22,1999.0,352,2,861.0000071534887,0,6469,15.092944885171375,6,0,0
0,0,52,3999.0,353,4,1297.9999649338424,0,6521,16.87047468633725,15,1,0
0,0,21,1999.0,354,2,532.9999835044146,0,6542,16.869690825192038,4,1,0
0,0,10,-1.0,355,0,109.99999966472387,0,6552,15.251171571607678,2,0,0
0,0,24,999.0,356,1,698.000003421912,0,6576,16.800274376581857,5,0,0
0,0,127,7999.0,357,8,2003.000006506918,0,6703,16.20799676884705,30,2,0
0,0,13,999.0,358,1,307.99999655224383,0,6716,15.857689572787779,3,0,0
0,0,21,2999.0,359,3,532.9999835044146,0,6737,15.484708828794682,5,0,0
0,0,9,-1.0,360,0,109.99999966472387,0,6746,14.25054927797316,1,0,0
0,0,18,1999.0,361,2,326.00000562379137,0,6764,16.27380220266283,3,0,0
0,0,17,1999.0,362,2,326.00000562379137,0,6781,16.794714116260423,3,0,0
0,0,54,4999.0,363,5,1191.9999661389738,0,6835,16.650931634278603,12,0,0
0,0,42,3999.0,364,4,1095.000019588042,0,6877,16.590283011138308,10,0,0
0,0,6,-1.0,365,0,48.00000151619315,0,6883,15.94237746183362,0,0,0
0,0,13,999.0,366,1,131.0000020568259,0,6896,14.028949173509279,2,0,0
0,0,11,-1.0,367,0,84.99999880092219,0,6907,16.06622423388532,2,0,0
0,0,6,-1.0,368,0,48.00000151619315,0,6913,16.066590693621137,0,0,0
0,0,13,999.0,369,1,204.9999952595681,0,6926,15.325349019770972,3,0,0
0,0,75,6999.0,370,7,1420.999966074014,0,7001,17.13878681548299,17,1,0
0,0,7,-1.0,371,0,38.000000540632755,0,7008,14.833824002699986,0,0,0
0,0,6,-1.0,372,0,38.000000540632755,0,7014,17.46607812109603,0,0,0
0,0,41,2999.0,373,3,738.0000027664937,0,7055,17.520980779403697,9,0,0
0,0,65,4999.0,374,5,1328.9999719243497,0,7120,14.989616177957355,16,0,0
0,0,16,1999.0,375,2,213.00000090152025,0,7136,13.614032895354779,3,0,0
0,0,24,999.0,376,1,459.00000245543197,0,7160,13.784360288867788,5,0,0
0,0,16,-1.0,377,0,326.00000138627365,0,7176,8.74509183023106,3,0,0
0,0,20,-1.0,378,0,376.0000019147992,0,7196,8.76992981010108,3,0,0
0,0,4,-1.0,379,0,0,0,7200,10.33146601227296,0,0,0
0,0,30,999.0,380,1,543.999996810453,0,7230,8.97616246147314,6,0,0
0,0,1,-1.0,381,0,0,0,7231,33.21195036780717,0,0,0
0,0,6,-1.0,382,0,38.000000540632755,0,7237,9.54008695543392,0,0,0
0,0,5,-1.0,383,0,0,0,7242,9.897548681838346,0,0,0
0,0,13,999.0,384,1,213.00000090152025,0,7255,12.842393549544983,3,0,0
0,0,6,-1.0,385,0,38.000000540632755,0,7261,11.995006732522253,0,0,0
0,0,20,999.0,386,1,462.99999616108835,0,7281,12.666313340188472,4,0,0
0,0,1,-1.0,387,0,0,0,7282,7.816619082051779,0,0,0
0,0,11,999.0,388,1,145.99999466910958,0,7293,15.398907395639196,2,0,0
0,0,26,1999.0,389,2,449.0000012156088,0,7319,13.394882470403108,6,0,0
0,0,5,-1.0,390,0,0,0,7324,12.561602497523202,0,0,0
0,0,10,999.0,391,1,131.0000020568259,0,7334,12.820195877416756,1,0,0
0,0,6,-1.0,392,0,38.000000540632755,0,7340,14.821909675595448,0,0,0
0,0,33,2999.0,393,3,967.0000434666872,0,7373,15.35106656238313,6,1,0
0,0,5,-1.0,394,0,0,0,7378,12.876422320952726,0,0,0
0,0,65,4999.0,395,5,1172.9999765742105,0,7443,16.423397401085285,14,2,0
0,0,41,1999.0,396,2,890.9999784408137,0,7484,14.869160371044064,9,0,0
0,0,16,1999.0,397,2,245.00000167172402,0,7500,13.53362550809934,3,0,0
0,0,15,1999.0,398,2,210.00000319094397,0,7515,14.156338006618864,3,0,0
0,0,14,999.0,399,1,194.99999433988705,0,7529,9.9383352007122,3,0,0
0,0,3,-1.0,400,0,0,0,7532,6.987261471894165,0,0,0
0,0,13,999.0,401,1,194.99999433988705,0,7545,9.663423133219636,3,0,0
0,0,29,1999.0,402,2,853.0000147223473,0,7574,11.12808149791605,7,0,0
0,0,40,1999.0,403,2,872.0000091544352,0,7614,12.863193263291157,8,0,0
0,0,7,-1.0,404,0,145.99999466910958,0,7621,15.659820680900543,1,0,0
0,0,34,999.0,405,1,664.0000030957162,0,7655,14.067004101937648,6,1,0
0,0,9,-1.0,406,0,145.99999466910958,0,7664,13.963941122353745,2,0,0
0,0,44,1999.0,407,2,819.000004879199,0,7708,14.938794930975735,8,2,0
0,0,37,1999.0,408,2,916.9999626278877,0,7745,16.347576935847325,6,1,0
0,0,14,-1.0,409,0,376.0000019147992,0,7759,15.202226267271682,3,0,0
0,0,3,-1.0,410,0,0,0,7762,13.338851385732216,0,0,0
0,0,34,999.0,411,1,897.9999767011032,0,7796,16.433837727557055,8,0,0
0,0,38,1999.0,412,2,867.0000058924779,0,7834,17.16067212175386,9,0,0
0,0,12,-1.0,413,0,213.0000015569385,0,7846,16.374032733980293,2,0,0
0,0,21,1999.0,414,2,591.0000013560057,0,7867,17.023900423759525,4,0,0
0,0,11,-1.0,415,0,194.99999433988705,0,7878,15.245059774383918,2,0,0
0,0,20,1999.0,416,2,591.0000013560057,0,7898,16.221684933432677,3,0,0
0,0,7,-1.0,417,0,145.99999466910958,0,7905,15.620471027504358,1,0,0
0,0,13,999.0,418,1,194.99999433988705,0,7918,13.24148328250943,3,0,0
0,0,25,1999.0,419,2,317.0000008516945,0,7943,14.068002356974272,5,0,0
0,0,29,1999.0,420,2,327.000005338341,0,7972,13.725182246683767,4,0,0
0,0,23,999.0,421,1,255.99999602069147,0,7995,14.883593255086812,4,0,0
0,0,117,7999.0,422,8,1983.0000202613883,0,8112,15.388385533247913,25,3,0
0,0,31,999.0,423,1,422.9999947687611,0,8143,15.709755353765868,6,1,0
0,0,10,-1.0,424,0,90.9999999939464,0,8153,15.111281804258594,2,0,0
0,0,29,999.0,425,1,327.000005338341,0,8182,14.648305967548357,5,1,0
0,0,34,1999.0,426,2,320.99999845959246,0,8216,15.559758273637508,6,0,0
0,0,21,-1.0,427,0,213.0000015569385,0,8237,16.48222807015246,4,0,0
0,0,4,-1.0,428,0,0,0,8241,15.646505624537195,0,0,0
0,0,12,-1.0,429,0,134.00000053457916,0,8253,13.605714807820503,2,0,0
0,0,34,999.0,430,1,345.0000041513704,0,8287,11.537475550699854,6,0,0
0,0,26,999.0,431,1,308.00000078976154,0,8313,10.85437888157955,4,0,0
0,0,55,3999.0,432,4,729.0000057430007,0,8368,11.531120547035458,9,2,0
0,0,6,-1.0,433,0,49.00000070221722,0,8374,13.17431352111983,0,0,0
0,0,30,999.0,434,1,285.00000101630576,0,8404,13.259676612529898,6,0,0
0,0,1,-1.0,435,0,0,0,8405,47.79397889651086,0,0,0
0,0,1,-1.0,436,0,0,0,8406,7.443373942980861,0,0,0
0,0,11,999.0,437,1,130.0000013515819,0,8417,14.61004667947468,2,0,0
0,0,31,1999.0,438,2,354.99999362858944,0,8448,12.809485350460536,7,0,0
0,0,1,-1.0,439,0,0,0,8449,23.638404833292004,0,0,0
0,0,8,999.0,440,1,91.00000297650695,0,8457,14.318292648581204,1,0,0
0,0,18,999.0,441,1,186.00000286474824,0,8475,14.75308315565532,5,0,0
0,0,14,999.0,442,1,162.00000118697062,0,8489,15.436523096060917,4,0,0
0,0,7,-1.0,443,0,49.00000070221722,0,8496,13.771961515603387,0,0,0
0,0,7,-1.0,444,0,49.00000070221722,0,8503,17.015688442711973,0,0,0
0,0,29,999.0,445,1,327.000005338341,0,8532,15.300236670685603,6,0,0
0,0,5,-1.0,446,0,0,0,8537,17.380644156068033,0,0,0
0,0,11,-1.0,447,0,49.99999988824129,0,8548,13.743267302872997,2,0,0
0,0,10,-1.0,448,0,49.99999988824129,0,8558,14.610837850265442,2,0,0
0,0,3,-1.0,449,0,0,0,8561,20.53598596433963,0,0,0
0,0,1,-1.0,450,0,0,0,8562,7.430043259061906,0,0,0
0,0,3,-1.0,451,0,0,0,8565,17.250548037415978,0,0,0
0,0,2,-1.0,452,0,0,0,8567,12.460463029806096,0,0,0
0,0,31,999.0,453,1,189.00000042282045,0,8598,14.020814354727397,7,0,0
0,0,12,999.0,454,1,90.9999999939464,0,8610,15.883885122213231,3,0,0
0,0,32,1999.0,455,2,243.99999515386298,0,8642,16.080704409556667,5,0,0
0,0,39,1999.0,456,2,368.9999928115867,0,8681,16.97486435652041,8,0,0
0,0,15,-1.0,457,0,145.99999466910958,0,8696,15.818986184848214,3,0,0
0,0,5,-1.0,458,0,0,0,8701,19.303184380373114,0,0,0
0,0,2,-1.0,459,0,0,0,8703,16.64191721305784,0,0,0
0,0,7,-1.0,460,0,68.99999961489812,0,8710,14.588999465337364,1,0,0
0,0,17,-1.0,461,0,213.00000090152025,0,8727,16.475832321836116,4,0,0
0,0,11,-1.0,462,0,145.99999466910958,0,8738,15.122500948078718,2,0,0
0,0,70,4999.0,463,5,1313.0000134930015,0,8808,16.79458447942335,15,2,0
0,0,13,999.0,464,1,248.0000088736415,0,8821,16.69141698089758,3,0,0
0,0,8,999.0,465,1,145.99999466910958,0,8829,15.752381792933537,1,0,0
0,0,120,7999.0,466,8,2511.0000235866755,0,8949,15.71760133211444,29,2,0
0,0,59,3999.0,467,4,603.0000098748133,0,9008,15.76125712019038,13,1,0
0,0,16,-1.0,468,0,130.0000013515819,0,9024,16.367672287849572,3,0,0
0,0,43,1999.0,469,2,650.0000020023435,0,9067,17.078747240228765,12,0,0
0,0,35,2999.0,470,3,670.0000057369471,0,9102,15.56257069648561,9,0,0
0,0,30,999.0,471,1,615.0000061281025,0,9132,15.541069010214839,9,0,0
0,0,7,-1.0,472,0,91.00000297650695,0,9139,17.069573907851446,1,0,0
0,0,1,-1.0,473,0,0,0,9140,9.037013735523836,0,0,0
0,0,23,-1.0,474,0,327.000005338341,0,9163,13.814811144531902,5,1,0
0,0,58,2999.0,475,3,755.9999927133322,0,9221,13.918451493691203,12,1,0
0,0,8,999.0,476,1,108.00000129267573,0,9229,14.654983827052977,1,0,0
0,0,35,999.0,477,1,349.9999967229087,0,9264,13.905360227774112,8,1,0
0,0,10,-1.0,478,0,68.99999961489812,0,9274,13.973635253919264,2,0,0
0,0,10,-1.0,479,0,68.99999961489812,0,9284,14.999987483035042,2,0,0
0,0,25,999.0,480,1,229.9999943957664,0,9309,16.21098572191633,4,0,0
0,0,6,-1.0,481,0,36.000000649364665,0,9315,16.398979015337577,0,0,0
0,0,10,999.0,482,1,108.99999901535921,0,9325,15.196808684089435,2,0,0
0,0,9,-1.0,483,0,68.99999961489812,0,9334,14.022441858780553,2,0,0
0,0,46,3999.0,484,4,1065.0000008847564,0,9380,16.749368354527082,10,1,0
0,0,9,-1.0,485,0,108.00000042887405,0,9389,16.77260167091809,1,0,0
0,0,32,1999.0,486,2,319.9999931966886,0,9421,16.402875721365394,7,0,0
0,0,52,1999.0,487,2,635.9999991406221,0,9473,15.574971935547449,11,0,0
0,0,9,-1.0,488,0,48.00000151619315,0,9482,13.161775668413958,1,0,0
0,0,5,-1.0,489,0,0,0,9487,15.626295577117668,0,0,0
0,0,7,-1.0,490,0,36.000000649364665,0,9494,11.533305416780257,0,0,0
0,0,9,-1.0,491,0,44.99999940046109,0,9503,13.926925282034292,2,0,0
0,0,38,2999.0,492,3,285.00000101630576,0,9541,13.995272551814853,8,0,0
0,0,1,-1.0,493,0,0,0,9542,8.127251835474802,0,0,0
0,0,16,-1.0,494,0,139.99999928870238,0,9558,13.936662807420136,3,0,0
0,0,27,999.0,495,1,226.9999990123324,0,9585,15.599504270412583,5,0,0
0,0,1,-1.0,496,0,0,0,9586,8.691362936531124,0,0,0
0,0,38,1999.0,497,2,650.0000020023435,0,9624,16.019993084759935,7,0,0
0,0,16,-1.0,498,0,145.99999466910958,0,9640,15.729265484072766,3,0,0
0,0,10,-1.0,499,0,68.99999961489812,0,9650,12.569082238812635,2,0,0
0,0,14,-1.0,500,0,145.99999466910958,0,9664,13.042560719718768,2,0,0
0,0,14,-1.0,501,0,145.99999466910958,0,9678,13.730233880607345,2,0,0
0,0,18,-1.0,502,0,327.000005338341,0,9696,13.734529399244302,4,0,0
0,0,9,-1.0,503,0,108.00000042887405,0,9705,15.077607744597941,1,0,0
0,0,16,-1.0,504,0,327.000005338341,0,9721,11.338212907906337,3,0,0
0,0,9,-1.0,505,0,240.99999455735087,0,9730,10.134460197756114,1,0,0
0,0,2,-1.0,506,0,0,0,9732,9.841764162055874,0,0,0
0,0,15,-1.0,507,0,327.000005338341,0,9747,10.327821785347572,4,0,0
0,0,9,-1.0,508,0,44.99999940046109,0,9756,7.610314650174882,2,0,0
0,0,19,-1.0,509,0,268.0000048596412,0,9775,5.605771853757683,4,0,0
0,0,2,-1.0,510,0,0,0,9777,5.061956194442751,0,0,0
0,0,2,-1.0,511,0,0,0,9779,5.126818443229857,0,0,0
0,0,35,3999.0,512,4,689.000002425164,0,9814,7.563587051586994,6,2,0
0,0,38,999.0,513,1,467.00000636978075,0,9852,11.262729787991503,7,2,0
0,0,2,-1.0,514,0,0,0,9854,11.97780525625905,0,0,0
0,0,10,-1.0,515,0,82.00000124284998,0,9864,9.968930753990135,2,0,0
0,0,22,1999.0,516,2,267.9999939049594,0,9886,12.868123427301516,5,0,0
0,0,27,-1.0,517,0,315.0000051269308,0,9913,14.069805968083518,6,0,0
0,0,8,-1.0,518,0,108.99999901535921,0,9921,13.835218948983854,1,0,0
0,0,14,-1.0,519,0,240.99999455735087,0,9935,14.95871875260318,2,0,0
0,0,1,-1.0,520,0,0,0,9936,8.367404995740793,0,0,0
0,0,34,1999.0,521,2,378.0000076745637,0,9970,15.336420627709229,8,0,0
0,0,5,-1.0,522,0,0,0,9975,18.718020121528895,0,0,0
0,0,9,-1.0,523,0,68.99999961489812,0,9984,14.010133655583383,2,0,0
0,0,11,-1.0,524,0,108.99999901535921,0,9995,17.544937819123106,2,0,0
0,0,2,-1.0,525,0,0,0,9997,16.477975956627642,0,0,0
0,0,15,999.0,526,1,181.00000237696804,0,10012,15.171193460293347,3,0,0
0,0,19,999.0,527,1,204.9999952595681,0,10031,16.751475154283973,5,0,0
0,0,12,-1.0,528,0,145.99999466910958,0,10043,15.77219590475322,3,0,0
0,0,5,-1.0,529,0,0,0,10048,13.818471262035102,0,0,0
0,0,11,-1.0,530,0,194.99999433988705,0,10059,16.065010280596745,2,0,0
0,0,32,999.0,531,1,267.9999939049594,0,10091,14.70402397732067,6,0,0
0,0,39,2999.0,532,3,327.000005338341,0,10130,14.872505642725146,7,0,0
0,0,6,-1.0,533,0,36.000000649364665,0,10136,15.299452119419971,0,0,0
0,0,4,-1.0,534,0,0,0,10140,15.377156642054246,0,0,0
0,0,84,7999.0,535,8,1077.999989312375,0,10224,16.39795702229255,15,3,0
0,0,10,-1.0,536,0,158.99999933550134,0,10234,17.06095330217786,2,0,0
0,0,11,-1.0,537,0,191.00000031408854,0,10245,18.192126858550633,2,0,0
0,0,10,-1.0,538,0,158.99999933550134,0,10255,16.67226078391311,2,0,0
0,0,29,999.0,539,1,285.00000101630576,0,10284,16.794462175295873,7,0,0
0,0,7,-1.0,540,0,36.000000649364665,0,10291,18.33953476750868,0,0,0
0,0,6,-1.0,541,0,36.000000649364665,0,10297,16.11332550476949,0,0,0
0,0,1,-1.0,542,0,0,0,10298,8.879464814971632,0,0,0
0,0,8,-1.0,543,0,44.99999940046109,0,10306,16.07993379105173,1,0,0
0,0,9,-1.0,544,0,44.99999940046109,0,10315,17.66927072850385,2,0,0
0,0,34,999.0,545,1,368.9999949862249,0,10349,16.164387921726124,8,0,0
0,0,25,999.0,546,1,289.99999422812834,0,10374,16.655717206578824,5,0,0
0,0,5,-1.0,547,0,0,0,10379,20.437946529942785,0,0,0
0,0,2,-1.0,548,0,0,0,10381,17.474846835361294,0,0,0
0,0,54,4999.0,549,5,977.9999944847077,0,10435,17.401227899412465,11,1,0
0,0,37,1999.0,550,2,371.00000007543713,0,10472,17.35337041009571,8,0,0
0,0,80,2999.0,551,3,1889.9999653792474,0,10552,17.288948117541487,20,0,0
0,0,32,999.0,552,1,368.9999928115867,0,10584,17.51133265428258,6,0,0
0,0,28,999.0,553,1,338.9999950421043,0,10612,15.265118757790779,7,0,0
0,0,31,999.0,554,1,327.000005338341,0,10643,16.898270851536317,8,0,0
0,0,3,-1.0,555,0,0,0,10646,12.741750663774614,0,0,0
0,0,11,-1.0,556,0,150.00000356696546,0,10657,15.435707114182966,2,0,0
0,0,16,-1.0,557,0,194.99999433988705,0,10673,16.232313469153972,4,0,0
0,0,1,-1.0,558,0,0,0,10674,9.546720686476458,0,0,0
0,0,33,999.0,559,1,312.00000756885856,0,10707,16.338325021067405,7,0,0
0,0,14,-1.0,560,0,218.99999601766467,0,10721,16.516565716912023,3,0,0
0,0,2,-1.0,561,0,0,0,10723,17.253197204477114,0,0,0
0,0,16,-1.0,562,0,243.99999515386298,0,10739,16.90735614710329,4,0,0
0,0,7,-1.0,563,0,145.99999466910958,0,10746,15.488044294769537,1,0,0
0,0,29,999.0,564,1,384.9999988824129,0,10775,16.80914874561011,6,0,0
0,0,39,1999.0,565,2,976.9999624043703,0,10814,15.340923241578254,8,1,0
0,0,37,1999.0,566,2,603.0000098748133,0,10851,15.974144796509572,8,0,0
0,0,46,2999.0,567,3,830.000005569309,0,10897,16.820507598600294,9,2,0
0,0,11,-1.0,568,0,243.99999515386298,0,10908,16.029138997381132,2,0,0
0,0,13,-1.0,569,0,248.99999590590596,0,10921,18.315670314956847,3,0,0
0,0,12,-1.0,570,0,248.99999590590596,0,10933,16.28668282877442,2,0,0
0,0,11,-1.0,571,0,243.99999515386298,0,10944,15.109005931297549,2,0,0
0,0,9,-1.0,572,0,145.99999466910958,0,10953,17.540142017179228,1,0,0
0,0,57,3999.0,573,4,1280.0000300398096,0,11010,16.53105067431659,13,1,0
0,0,3,-1.0,574,0,0,0,11013,23.21120816078066,0,0,0
0,0,19,999.0,575,1,273.99999509798363,0,11032,16.466624266415735,5,0,0
0,0,15,999.0,576,1,244.00000426918268,0,11047,17.835943327144644,3,0,0
0,0,6,-1.0,577,0,49.00000070221722,0,11053,17.091517614587183,0,0,0
0,0,1,-1.0,578,0,0,0,11054,9.10390154433869,0,0,0
0,0,20,999.0,579,1,325.00000491854735,0,11074,16.20100771925542,6,0,0
0,0,5,-1.0,580,0,0,0,11079,19.53144688939781,0,0,0
0,0,2,-1.0,581,0,0,0,11081,16.240279867036055,0,0,0
0,0,7,-1.0,582,0,49.00000070221722,0,11088,14.640308242966226,0,0,0
0,0,46,1999.0,583,2,603.0000098748133,0,11134,15.914744776594869,11,0,0
0,0,2,-1.0,584,0,0,0,11136,16.203921265622284,0,0,0
0,0,6,-1.0,585,0,91.00000297650695,0,11142,16.473758387987676,0,0,0
0,0,13,-1.0,586,0,158.99999933550134,0,11155,17.043642215106544,3,0,0
0,0,15,-1.0,587,0,177.99999814247712,0,11170,15.80010386980312,3,0,0
0,0,1,-1.0,588,0,0,0,11171,70.74814877287677,0,0,0
0,0,9,-1.0,589,0,91.00000297650695,0,11180,15.743471662261822,1,0,0
0,0,12,-1.0,590,0,177.99999814247712,0,11192,17.1325274875646,2,0,0
0,0,6,-1.0,591,0,53.0000004847534,0,11198,17.268682709924448,0,0,0
0,0,17,999.0,592,1,243.99999515386298,0,11215,18.148337871913043,3,0,0
0,0,23,999.0,593,1,593.0000040214509,0,11238,16.10116584874827,6,0,0
0,0,36,1999.0,594,2,1171.9999659713358,0,11274,16.329592830138647,8,0,0
0,0,14,-1.0,595,0,194.99999433988705,0,11288,16.26584569563611,3,0,0
0,0,2,-1.0,596,0,0,0,11290,16.331051668418798,0,0,0
0,0,17,-1.0,597,0,368.9999928115867,0,11307,17.9752879762767,3,0,0
0,0,32,1999.0,598,2,689.000002425164,0,11339,17.042674833541597,6,0,0
0,0,10,999.0,599,1,194.99999433988705,0,11349,16.806701677422872,2,0,0
0,0,2,-1.0,600,0,0,0,11351,17.05174916150015,0,0,0
0,0,8,999.0,601,1,145.99999466910958,0,11359,16.657200867747875,1,0,0
0,0,32,1999.0,602,2,1171.9999659713358,0,11391,16.164397426418653,9,0,0
0,0,33,-1.0,603,0,1333.9999699732289,0,11424,15.805625971136458,9,0,0
0,0,14,-1.0,604,0,967.0000434666872,0,11438,17.453115316973882,3,0,0
0,0,24,999.0,605,1,991.0000239312649,0,11462,17.320013682121914,5,0,0
0,0,3,-1.0,606,0,0,0,11465,23.84726123196234,0,0,0
0,0,34,999.0,607,1,1210.9999585337937,0,11499,17.1153324121549,9,0,0
0,0,5,-1.0,608,0,0,0,11504,14.264622559052414,0,0,0
0,0,2,-1.0,609,0,0,0,11506,16.077892009169176,0,0,0
0,0,27,-1.0,610,0,327.000005338341,0,11533,16.41740723854313,5,0,0
0,0,59,3999.0,611,4,1418.9999636728317,0,11592,16.30162305484237,13,1,0
0,0,2,-1.0,612,0,0,0,11594,15.644112902473822,0,0,0
0,0,16,-1.0,613,0,267.9999939049594,0,11610,16.037180314392366,3,0,0
0,0,38,2999.0,614,3,853.0000147223473,0,11648,17.201009028547773,6,2,0
0,0,18,999.0,615,1,327.000005338341,0,11666,17.180636433043908,4,0,0
0,0,28,999.0,616,1,506.0000059287995,0,11694,16.220274342977476,6,0,0
0,0,3,-1.0,617,0,0,0,11697,22.15125914320168,0,0,0
0,0,38,1999.0,618,2,459.0000037662685,0,11735,16.2786073960712,8,0,0
0,0,3,-1.0,619,0,0,0,11738,10.817691859980279,0,0,0
0,0,8,-1.0,620,0,89.99999771360308,0,11746,13.521845272492664,1,0,0
0,0,37,1999.0,621,2,327.9999948805198,0,11783,14.405611597246518,8,0,0
0,0,15,-1.0,622,0,173.00000313203782,0,11798,13.703203716651094,4,0,0
0,0,22,999.0,623,1,206.99999884469435,0,11820,14.980649367685393,6,0,0
0,0,4,-1.0,624,0,0,0,11824,14.905449298847879,0,0,0
0,0,3,-1.0,625,0,0,0,11827,20.72383562456046,0,0,0
0,0,24,999.0,626,1,243.9999967289623,0,11851,15.37988665153276,6,0,0
0,0,12,-1.0,627,0,145.99999466910958,0,11863,16.382218860319224,3,0,0
0,0,22,999.0,628,1,206.99999884469435,0,11885,16.089296200977827,6,0,0
0,0,23,999.0,629,1,234.00000031106174,0,11908,15.585907813893236,6,0,0
0,0,6,-1.0,630,0,48.00000151619315,0,11914,16.134493089610984,0,0,0
0,0,21,999.0,631,1,244.00000610854477,0,11935,17.752672966876332,5,0,0
0,0,28,999.0,632,1,327.000005338341,0,11963,17.168699130239013,6,0,0
0,0,1,-1.0,633,0,0,0,11964,9.286809656342095,0,0,0
0,0,66,2999.0,634,3,754.9999916472007,0,12030,16.454615778295704,14,1,0
0,0,5,-1.0,635,0,0,0,12035,18.851448409024307,0,0,0
0,0,15,-1.0,636,0,194.00000421330333,0,12050,15.416169657217852,4,0,0
0,0,14,-1.0,637,0,194.00000421330333,0,12064,16.918168512521465,4,0,0
0,0,6,-1.0,638,0,91.00000297650695,0,12070,16.846488761788475,0,0,0
0,0,6,-1.0,639,0,48.00000151619315,0,12076,16.98167537147253,0,0,0
0,0,9,-1.0,640,0,145.99999466910958,0,12085,18.168564683459316,2,0,0
0,0,31,1999.0,641,2,524.9999986030161,0,12116,16.060153957015455,5,1,0
0,0,9,-1.0,642,0,150.00000356696546,0,12125,18.167602830872003,1,0,0
0,0,7,-1.0,643,0,145.99999466910958,0,12132,15.031369655913174,1,0,0
0,0,26,999.0,644,1,429.9999987706542,0,12158,16.577387075457946,4,1,0
0,0,7,-1.0,645,0,91.00000297650695,0,12165,17.85199809563303,1,0,0
0,0,31,1999.0,646,2,940.0000193389133,0,12196,15.74304234454488,5,0,0
0,0,94,5999.0,647,6,2085.9999555163085,0,12290,15.514291902346642,20,3,0
0,0,1,-1.0,648,0,0,0,12291,55.19910508653024,0,0,0
0,0,9,-1.0,649,0,145.99999466910958,0,12300,11.791921685273536,2,0,0
0,0,54,3999.0,650,4,1113.9999823248945,0,12354,13.570766547497566,10,2,0
0,0,17,-1.0,651,0,277.0000047539361,0,12371,15.435680989606166,3,0,0
0,0,4,-1.0,652,0,0,0,12375,14.564440547602718,0,0,0
0,0,6,-1.0,653,0,91.00000297650695,0,12381,13.714270766916801,0,0,0
0,0,36,999.0,654,1,552.0000096724834,0,12417,15.135445623990664,6,1,0
0,0,31,999.0,655,1,566.0000047297217,0,12448,15.50572457659408,6,1,0
0,0,57,3999.0,656,4,1211.0000193025917,0,12505,13.762943913698646,10,2,0
0,0,45,2999.0,657,3,798.0000151693821,0,12550,12.957459459299892,7,2,0
0,0,10,-1.0,658,0,145.99999466910958,0,12560,13.471974766770895,1,0,0
0,0,43,999.0,659,1,604.0000042389147,0,12603,14.123662322793548,8,0,0
0,0,16,-1.0,660,0,307.99999655224383,0,12619,14.888009480923014,3,0,0
0,0,22,999.0,661,1,482.00000500306487,0,12641,14.343981259103465,4,0,0
0,0,36,1999.0,662,2,755.9999927133322,0,12677,15.733515750974911,5,0,0
0,0,58,3999.0,663,4,1011.999962516129,0,12735,15.74063850524336,11,1,0
0,0,56,2999.0,664,3,998.0000062473118,0,12791,16.18161691456601,12,1,0
0,0,46,3999.0,665,4,482.00000500306487,0,12837,15.69617280776828,8,1,0
0,0,6,-1.0,666,0,89.99999771360308,0,12843,18.204286421124817,0,0,0
0,0,24,999.0,667,1,244.00000610854477,0,12867,17.412975338249723,5,0,0
0,0,1,-1.0,668,0,0,0,12868,9.73705360562916,0,0,0
0,0,15,-1.0,669,0,182.99999922979623,0,12883,17.30142138571288,4,0,0
0,0,4,-1.0,670,0,0,0,12887,16.00102240419491,0,0,0
0,0,18,-1.0,671,0,204.9999952595681,0,12905,15.732012550190447,4,0,0
0,0,8,-1.0,672,0,145.99999466910958,0,12913,16.049798985480557,1,0,0
0,0,11,-1.0,673,0,186.00000286474824,0,12924,14.491650802096542,2,0,0
0,0,1,-1.0,674,0,0,0,12925,63.13109967187453,0,0,0
0,0,25,1999.0,675,2,401.99999725446105,0,12950,15.13431252045907,5,0,0
0,0,5,-1.0,676,0,0,0,12955,18.492653737149993,0,0,0
0,0,64,4999.0,677,5,1229.9999656481668,0,13019,11.056309173971728,14,0,0
0,0,30,999.0,678,1,300.99999737227336,0,13049,10.616721685626235,6,0,0
0,0,17,999.0,679,1,145.99999466910958,0,13066,12.103493340743352,4,0,0
0,0,4,-1.0,680,0,0,0,13070,12.823666725012057,0,0,0
0,0,5,-1.0,681,0,0,0,13075,14.879549658405343,0,0,0
0,0,7,-1.0,682,0,49.00000070221722,0,13082,11.212502343883962,1,0,0
0,0,8,-1.0,683,0,68.99999961489812,0,13090,12.543136147384624,1,0,0
0,0,42,2999.0,684,3,431.000002194196,0,13132,14.286060406513526,9,1,0
0,0,8,-1.0,685,0,49.99999988824129,0,13140,14.310946235907926,1,0,0
0,0,33,999.0,686,1,327.000005338341,0,13173,15.767232092276767,7,1,0
0,0,4,-1.0,687,0,0,0,13177,15.024260415967046,0,0,0
0,0,9,-1.0,688,0,49.99999988824129,0,13186,14.279448518689303,2,0,0
0,0,12,999.0,689,1,145.99999466910958,0,13198,15.36320691941311,2,0,0
0,0,5,-1.0,690,0,0,0,13203,18.30875028482579,0,0,0
0,0,13,-1.0,691,0,194.00000421330333,0,13216,13.783300719954761,2,0,0
0,0,26,-1.0,692,0,315.0000051269308,0,13242,15.315811863599102,5,1,0
0,0,1,-1.0,693,0,0,0,13243,59.99404966243277,0,0,0
0,0,26,-1.0,694,0,327.000005338341,0,13269,12.235388839029412,5,1,0
0,0,11,-1.0,695,0,145.99999466910958,0,13280,12.742165906253797,2,0,0
0,0,8,-1.0,696,0,90.9999999939464,0,13288,13.526222288511889,1,0,0
0,0,18,-1.0,697,0,291.0000103339553,0,13306,13.957053724439712,3,0,0
0,0,71,5999.0,698,6,1099.0000011399388,0,13377,14.984526360175389,12,3,0
0,0,2,-1.0,699,0,0,0,13379,14.728018428001572,0,0,0
0,0,11,-1.0,700,0,248.99999590590596,0,13390,14.814076173265956,2,0,0
0,0,25,999.0,701,1,389.0000077802688,0,13415,16.32631708096332,6,0,0
0,0,3,-1.0,702,0,0,0,13418,11.813887024162163,0,0,0
0,0,28,999.0,703,1,403.9999995287508,0,13446,16.198584064546882,6,1,0
0,0,52,3999.0,704,4,1450.9999983943999,0,13498,16.45277239084406,11,1,0
0,0,27,999.0,705,1,839.999980982393,0,13525,17.33958099738772,5,1,0
0,0,30,999.0,706,1,932.0000228681602,0,13555,16.90451829242079,7,1,0
0,0,5,-1.0,707,0,0,0,13560,13.979848345971169,0,0,0
0,0,6,-1.0,708,0,145.99999466910958,0,13566,16.18866103925678,0,0,0
0,0,31,1999.0,709,2,916.9999626278877,0,13597,16.69438170912995,5,1,0
0,0,7,-1.0,710,0,145.99999466910958,0,13604,14.295368486348128,1,0,0
0,0,13,-1.0,711,0,231.999994663056,0,13617,17.351132744269613,2,0,0
0,0,42,1999.0,712,2,1041.0000234586187,0,13659,13.773979489870822,10,1,0
0,0,34,1999.0,713,2,916.9999626278877,0,13693,14.507251065208111,7,1,0
0,0,14,999.0,714,1,327.000005338341,0,13707,14.516746967429674,3,0,0
0,0,16,999.0,715,1,325.99999954691157,0,13723,15.178790679327408,3,0,0
0,0,5,-1.0,716,0,0,0,13728,13.078965782616777,0,0,0
0,0,70,7999.0,717,8,1358.9999681897461,0,13798,16.07629328725692,16,3,0
0,0,26,999.0,718,1,337.99999895039946,0,13824,14.606728112524893,5,1,0
0,0,6,-1.0,719,0,38.000000540632755,0,13830,14.472341279585667,0,0,0
0,0,29,2999.0,720,3,404.9999960116111,0,13859,15.290846585064239,6,0,0
0,0,2,-1.0,721,0,0,0,13861,17.110564008003934,0,0,0
0,0,12,999.0,722,1,163.00000513903797,0,13873,16.550033687570718,3,0,0
0,0,5,-1.0,723,0,0,0,13878,12.722935539372113,0,0,0
0,0,2,-1.0,724,0,0,0,13880,15.807638674274688,0,0,0
0,0,2,-1.0,725,0,0,0,13882,15.500759459988839,0,0,0
0,0,58,4999.0,726,5,649.0000010328367,0,13940,14.178249901139093,13,0,0
0,0,10,-1.0,727,0,163.00000513903797,0,13950,12.59799305748912,2,0,0
0,0,78,5999.0,728,6,1339.0000488050282,0,14028,10.00707264237072,15,2,0
0,0,24,999.0,729,1,243.99999515386298,0,14052,12.352356804292482,6,0,0
0,0,48,2999.0,730,3,493.9999995287508,0,14100,14.32025113250543,10,1,0
0,0,37,2999.0,731,3,417.999993681442,0,14137,13.265668720651307,8,0,0
0,0,13,999.0,732,1,186.99999775737524,0,14150,13.22694518815653,3,0,0
0,0,29,999.0,733,1,276.9999944954179,0,14179,14.113464138681717,7,0,0
0,0,3,-1.0,734,0,0,0,14182,10.48555902678532,0,0,0
0,0,26,999.0,735,1,312.00000756885856,0,14208,15.5384567596735,6,0,0
0,0,2,-1.0,736,0,0,0,14210,15.894679798848724,0,0,0
0,0,8,-1.0,737,0,163.00000513903797,0,14218,14.78303616232846,1,0,0
0,0,29,1999.0,738,2,394.99999470077455,0,14247,16.681816716841798,6,0,0
0,0,30,1999.0,739,2,312.00000756885856,0,14277,16.818639187075153,6,0,0
0,0,42,2999.0,740,3,359.99999492429197,0,14319,17.164049540515837,8,0,0
0,0,8,-1.0,741,0,150.00000356696546,0,14327,16.724442023195806,1,0,0
0,0,26,999.0,742,1,285.00000128056854,0,14353,16.635626345185432,6,0,0
0,0,15,-1.0,743,0,204.9999952595681,0,14368,16.063614554300834,3,0,0
0,0,9,-1.0,744,0,150.00000356696546,0,14377,17.713147208455297,2,0,0
0,0,16,-1.0,745,0,204.9999952595681,0,14393,15.896185798314232,4,0,0
0,0,70,5999.0,746,6,1306.9999636849388,0,14463,16.167382338202984,16,0,0
0,0,20,-1.0,747,0,285.00000128056854,0,14483,16.66307725342946,5,0,0
0,0,66,3999.0,748,4,1245.9999763476662,0,14549,16.03214861343815,14,0,0
0,0,10,-1.0,749,0,194.99999433988705,0,14559,15.669624277564623,2,0,0
0,0,9,-1.0,750,0,134.00000053457916,0,14568,14.497093763429463,1,0,0
0,0,18,-1.0,751,0,204.9999952595681,0,14586,15.59353501371864,4,0,0
0,0,17,-1.0,752,0,204.9999952595681,0,14603,17.20608059520259,3,0,0
0,0,7,-1.0,753,0,49.99999988824129,0,14610,14.650652814474942,1,0,0
0,0,52,2999.0,754,3,516.9999990379438,0,14662,15.694890326582586,10,1,0
0,0,37,2999.0,755,3,476.00000386592,0,14699,16.787468152172067,8,0,0
0,0,7,-1.0,756,0,40.999999617924914,0,14706,13.346428777611555,1,0,0
0,0,9,-1.0,757,0,145.99999466910958,0,14715,14.908863705120844,1,0,0
0,0,34,1999.0,758,2,277.99999666400254,0,14749,16.137546441478307,8,0,0
0,0,31,999.0,759,1,269.999998298008,0,14780,15.183126784644777,8,0,0
0,0,45,2999.0,760,3,727.9999780119397,0,14825,14.802089630967432,9,1,0
0,0,8,-1.0,761,0,145.99999466910958,0,14833,14.10609916770294,1,0,0
0,0,6,-1.0,762,0,40.999999617924914,0,14839,14.469545378492858,0,0,0
0,0,21,-1.0,763,0,267.9999939049594,0,14860,12.985993528851692,5,0,0
0,0,9,-1.0,764,0,145.99999466910958,0,14869,16.60011125745106,2,0,0
0,0,13,-1.0,765,0,194.99999433988705,0,14882,14.437677058700014,3,0,0
0,0,32,1999.0,766,2,735.9999744826928,0,14914,14.060331176583233,6,0,0
0,0,6,-1.0,767,0,89.99999771360308,0,14920,14.256875962725424,0,0,0
0,0,44,2999.0,768,3,924.0000238874927,0,14964,14.377188750339565,9,1,0
0,0,18,-1.0,769,0,327.000005338341,0,14982,11.69756611205435,3,0,0
0,0,6,-1.0,770,0,40.999999617924914,0,14988,9.37634325271892,0,0,0
0,0,13,-1.0,771,0,186.99999775737524,0,15001,10.235110028562076,3,0,0
0,0,41,2999.0,772,3,1156.0000154562294,0,15042,6.211893537290785,8,0,0
0,0,4,-1.0,773,0,0,0,15046,8.463313669762998,0,0,0
0,0,19,-1.0,774,0,327.000005338341,0,15065,9.642233323294858,3,0,0
0,0,3,-1.0,775,0,0,0,15068,8.604559497905433,0,0,0
0,0,53,1999.0,776,2,992.999980491586,0,15121,11.90161292585034,11,2,0
0,0,13,-1.0,777,0,145.99999466910958,0,15134,12.034333392336034,2,0,0
0,0,13,-1.0,778,0,199.99999932944775,0,15147,14.473774853844635,2,0,0
0,0,19,-1.0,779,0,327.9999948805198,0,15166,13.286468994067155,5,0,0
0,0,11,-1.0,780,0,194.99999433988705,0,15177,14.142859069668779,2,0,0
0,0,10,-1.0,781,0,145.99999466910958,0,15187,13.105520855140435,2,0,0
0,0,17,-1.0,782,0,319.9999931966886,0,15204,13.591357119629508,3,0,0
0,0,8,-1.0,783,0,145.99999466910958,0,15212,15.095460892849431,1,0,0
0,0,9,-1.0,784,0,145.99999466910958,0,15221,18.512948954044663,2,0,0
0,0,37,1999.0,785,2,972.9999834182672,0,15258,15.817534544138056,9,0,0
0,0,23,2999.0,786,3,566.0000135656446,0,15281,17.56338998998292,5,0,0
0,0,17,999.0,787,1,343.99999579414725,0,15298,16.25011207065317,3,0,0
0,0,11,-1.0,788,0,199.99999932944775,0,15309,18.109395839858824,2,0,0
0,0,33,1999.0,789,2,566.0000174120069,0,15342,16.174206299960105,8,0,0
0,0,19,999.0,790,1,327.000005338341,0,15361,16.36104273916636,3,0,0
0,0,43,2999.0,791,3,705.000003145542,0,15404,13.647026170756687,9,0,0
0,0,4,-1.0,792,0,0,0,15408,12.547240196122424,0,0,0
0,0,47,2999.0,793,3,837.0000072033145,0,15455,13.616004936599248,10,1,0
0,0,17,999.0,794,1,403.9999995287508,0,15472,13.58314439060111,3,0,0
0,0,26,1999.0,795,2,399.99999882653356,0,15498,14.387764663290625,5,0,0
0,0,21,999.0,796,1,206.99999884469435,0,15519,15.783773283786454,5,0,0
0,0,3,-1.0,797,0,0,0,15522,12.416089422519034,0,0,0
0,0,8,-1.0,798,0,140.9999987948686,0,15530,15.401825299813963,1,0,0
0,0,38,1999.0,799,2,839.999993192032,0,15568,14.590268385200499,8,0,0
0,0,13,999.0,800,1,486.99999663978815,0,15581,14.783583770958634,2,0,0
0,0,21,999.0,801,1,680.000017026905,0,15602,13.25139968051147,5,0,0
0,0,26,999.0,802,1,723.9999781735241,0,15628,14.46548466950692,6,0,0
0,0,37,2999.0,803,3,977.0000164152589,0,15665,14.79947778637114,7,0,0
0,0,3,-1.0,804,0,0,0,15668,11.177448453951664,0,0,0
0,0,75,6999.0,805,7,1377.000042181462,0,15743,11.892984283003702,16,3,0
0,0,34,2999.0,806,3,369.99999893829226,0,15777,13.801284081777782,6,0,0
0,0,12,999.0,807,1,134.00000053457916,0,15789,12.306426590400127,2,0,0
0,0,13,999.0,808,1,172.99999825423583,0,15802,13.309689651039578,3,0,0
0,0,2,-1.0,809,0,0,0,15804,13.813820064486169,0,0,0
0,0,62,4999.0,810,5,967.0000434666872,0,15866,15.047510493603095,13,1,0
0,0,25,1999.0,811,2,313.99999590590596,0,15891,16.486556686689134,6,0,0
0,0,8,-1.0,812,0,82.00000124284998,0,15899,15.018053747236797,1,0,0
0,0,26,999.0,813,1,276.9999944954179,0,15925,14.849113446471481,6,0,0
0,0,9,-1.0,814,0,108.00000129267573,0,15934,13.45747758140888,1,0,0
0,0,33,999.0,815,1,325.99999954691157,0,15967,15.303214125319332,7,0,0
0,0,18,-1.0,816,0,224.00000415742397,0,15985,15.993048404634708,5,0,0
0,0,8,-1.0,817,0,108.00000129267573,0,15993,15.713778203208747,1,0,0
0,0,12,-1.0,818,0,163.00000513903797,0,16005,16.038621443887536,3,0,0
0,0,42,2999.0,819,3,389.00000577326864,0,16047,15.93607937609291,8,1,0
0,0,11,-1.0,820,0,145.99999466910958,0,16058,14.77658465093994,3,0,0
0,0,16,-1.0,821,0,198.00000069313683,0,16074,15.812208758618105,4,0,0
0,0,73,5999.0,822,6,1141.9999950751662,0,16147,16.900450379962383,15,2,0
0,0,14,-1.0,823,0,258.00000502727926,0,16161,15.807655696115296,3,0,0
0,0,42,2999.0,824,3,854.000018913066,0,16203,16.109177609767297,9,1,0
0,0,12,-1.0,825,0,145.99999466910958,0,16215,16.3135416437081,2,0,0
0,0,4,-1.0,826,0,0,0,16219,17.28508640886528,0,0,0
0,0,4,-1.0,827,0,0,0,16223,17.05868429079817,0,0,0
0,0,60,4999.0,828,5,1062.9999791248702,0,16283,16.704862784649606,13,1,0
0,0,13,999.0,829,1,163.00000513903797,0,16296,15.696210723095467,3,0,0
0,0,25,1999.0,830,2,299.00000513298437,0,16321,17.328142813869903,6,0,0
0,0,53,4999.0,831,5,1156.0000154562294,0,16374,16.023965077695266,11,1,0
0,0,14,999.0,832,1,145.99999466910958,0,16388,15.57122465079586,3,0,0
0,0,11,-1.0,833,0,90.9999999939464,0,16399,17.16716024163406,2,0,0
0,0,29,1999.0,834,2,462.0000043627806,0,16428,15.983100606632087,6,0,0
0,0,13,-1.0,835,0,109.99999966472387,0,16441,18.114278253711078,3,0,0
0,0,15,999.0,836,1,145.99999466910958,0,16456,13.225313066780572,3,0,0
0,0,37,2999.0,837,3,368.0000018212013,0,16493,15.60345495688342,8,0,0
0,0,29,1999.0,838,2,359.99999492429197,0,16522,14.531675300941194,6,0,0
0,0,31,1999.0,839,2,394.0000080037862,0,16553,15.866243838294993,7,0,0
0,0,48,2999.0,840,3,598.9999973541126,0,16601,15.770857847197988,11,0,0
0,0,82,5999.0,841,6,1474.0000301832333,0,16683,12.868008053950815,18,1,0
0,0,1,-1.0,842,0,0,0,16684,8.925209442076525,0,0,0
0,0,12,999.0,843,1,108.00000129267573,0,16696,15.771316195918894,2,0,0
0,0,4,-1.0,844,0,0,0,16700,16.583274603511928,0,0,0
0,0,1,-1.0,845,0,0,0,16701,76.138251524833,0,0,0
0,0,7,-1.0,846,0,49.00000070221722,0,16708,15.47213683717386,0,0,0
0,0,10,999.0,847,1,145.99999466910958,0,16718,14.702329207351614,2,0,0
0,0,20,999.0,848,1,267.9999939049594,0,16738,15.081576280852245,5,0,0
0,0,12,999.0,849,1,194.99999433988705,0,16750,15.600230601858453,3,0,0
0,0,35,1999.0,850,2,639.9999943654984,0,16785,16.473216439839245,8,0,0
0,0,6,-1.0,851,0,108.00000129267573,0,16791,16.574258677738204,0,0,0
0,0,14,-1.0,852,0,204.9999952595681,0,16805,16.051715164212265,3,0,0
0,0,4,-1.0,853,0,0,0,16809,13.097663263935946,0,0,0
0,0,5,-1.0,854,0,0,0,16814,13.661498213124771,0,0,0
0,0,21,-1.0,855,0,334.0000018151477,0,16835,15.755644048495975,4,0,0
0,0,23,999.0,856,1,424.9999906308949,0,16858,14.495860064126857,4,1,0
0,0,3,-1.0,857,0,0,0,16861,20.24050058712822,0,0,0
0,0,28,1999.0,858,2,562.0000028284267,0,16889,11.74690922301396,4,1,0
0,0,11,-1.0,859,0,204.9999952595681,0,16900,11.64858532486629,2,0,0
0,0,17,-1.0,860,0,229.9999943957664,0,16917,13.57502169907932,3,0,0
0,0,14,-1.0,861,0,224.00000415742397,0,16931,13.403755089444338,3,0,0
0,0,29,-1.0,862,0,334.0000018151477,0,16960,10.760770983181288,6,1,0
0,0,42,1999.0,863,2,386.0000011068769,0,17002,10.883127605474012,8,2,0
0,0,8,-1.0,864,0,145.99999466910958,0,17010,10.356021701873004,1,0,0
0,0,6,-1.0,865,0,108.00000129267573,0,17016,10.826278020385345,0,0,0
0,0,13,-1.0,866,0,224.00000415742397,0,17029,11.46966539452541,3,0,0
0,0,15,-1.0,867,0,242.9999990062788,0,17044,10.478053391730382,3,0,0
0,0,172,14999.0,868,15,2969.000036083162,0,17216,13.42122571338534,34,7,0
0,0,44,2999.0,869,3,604.0000042389147,0,17260,13.259969350003518,8,1,0
0,0,16,999.0,870,1,229.9999943957664,0,17276,10.872047235802835,3,0,0
0,0,2,-1.0,871,0,0,0,17278,11.11895679190713,0,0,0
0,0,41,2999.0,872,3,482.0000050589442,0,17319,12.298928833317087,8,2,0
0,0,20,999.0,873,1,244.00000610854477,0,17339,12.16279154402175,4,0,0
0,0,33,2999.0,874,3,503.00000006332994,0,17372,11.802113162023726,8,1,0
0,0,41,2999.0,875,3,641.0000032512471,0,17413,13.462634061532478,9,1,0
0,0,35,1999.0,876,2,329.9999950360507,0,17448,14.095362972257412,6,1,0
0,0,23,999.0,877,1,284.99999411636963,0,17471,14.10732913165389,5,0,0
0,0,14,999.0,878,1,194.99999433988705,0,17485,14.38634165893494,3,0,0
0,0,5,-1.0,879,0,0,0,17490,12.182495307726581,0,0,0
0,0,12,999.0,880,1,174.9999953713268,0,17502,13.975997503118325,3,0,0
0,0,13,999.0,881,1,194.99999433988705,0,17515,15.25271851707841,3,0,0
0,0,2,-1.0,882,0,0,0,17517,15.101113239339258,0,0,0
0,0,47,1999.0,883,2,826.0000246018171,0,17564,15.056261019209895,9,2,0
0,0,20,-1.0,884,0,248.99999590590596,0,17584,15.849745927413123,4,0,0
0,0,6,-1.0,885,0,145.99999466910958,0,17590,15.854584858469467,0,0,0
0,0,7,-1.0,886,0,145.99999466910958,0,17597,17.78376705305003,1,0,0
0,0,17,-1.0,887,0,267.9999939049594,0,17614,13.055838236379273,3,0,0
0,0,39,1999.0,888,2,896.0000186925754,0,17653,13.892410625565836,8,0,0
0,0,4,-1.0,889,0,0,0,17657,15.574115572058481,0,0,0
0,0,59,5999.0,890,6,1016.0000180930365,0,17716,15.500157498287061,11,2,0
0,0,13,-1.0,891,0,199.99999932944775,0,17729,14.621388928590678,3,0,0
0,0,104,8999.0,892,9,1558.9999810955487,0,17833,14.214161110955786,19,4,0
0,0,14,-1.0,893,0,204.9999952595681,0,17847,13.686349487521632,3,0,0
0,0,27,999.0,894,1,410.99999568541534,0,17874,13.670023670151865,6,0,0
0,0,20,-1.0,895,0,194.99999433988705,0,17894,14.773055955321965,4,0,0
0,0,1,-1.0,896,0,0,0,17895,59.906647241980174,0,0,0
0,0,10,-1.0,897,0,89.99999771360308,0,17905,14.685634995635594,1,0,0
0,0,4,-1.0,898,0,0,0,17909,14.102482717809398,0,0,0
0,0,16,-1.0,899,0,145.99999466910958,0,17925,15.049091231193923,3,0,0
0,0,30,1999.0,900,2,364.99999871477485,0,17955,16.054342472919352,6,0,0
0,0,3,-1.0,901,0,0,0,17958,12.708227834677757,0,0,0
0,0,78,4999.0,902,5,1525.0000184145756,0,18036,16.740260372895772,17,1,0
0,0,77,6999.0,903,7,1082.999978205189,0,18113,16.5013426953622,13,2,0
0,0,19,999.0,904,1,254.999994172249,0,18132,13.80383505607499,4,0,0
0,0,35,999.0,905,1,514.9999976274557,0,18167,14.195081928376068,9,0,0
0,0,14,-1.0,906,0,199.99999932944775,0,18181,14.060138436209105,3,0,0
0,0,45,2999.0,907,3,1037.999996044673,0,18226,14.588602700516141,9,2,0
0,0,19,1999.0,908,2,271.00000659935176,0,18245,15.496581746876396,4,0,0
0,0,12,999.0,909,1,145.99999466910958,0,18257,14.950485897160183,3,0,0
0,0,28,1999.0,910,2,491.00000197067857,0,18285,15.556479085011734,6,0,0
0,0,27,999.0,911,1,491.00000197067857,0,18312,15.585229909449879,5,0,0
0,0,7,-1.0,912,0,76.0000030323863,0,18319,18.158350516484074,0,0,0
0,0,7,-1.0,913,0,48.00000151619315,0,18326,14.712387114490536,0,0,0
0,0,11,999.0,914,1,145.99999466910958,0,18337,17.20079335490702,2,0,0
0,0,4,-1.0,915,0,0,0,18341,17.300504355232725,0,0,0
0,0,29,999.0,916,1,296.99999884469435,0,18370,16.316993510083257,7,0,0
0,0,28,1999.0,917,2,287.00000149197876,0,18398,16.62965159870662,6,0,0
0,0,15,-1.0,918,0,194.00000096648,0,18413,18.408482444595684,4,0,0
0,0,2,-1.0,919,0,0,0,18415,17.735275587221718,0,0,0
0,0,9,-1.0,920,0,76.0000030323863,0,18424,15.913495137895579,1,0,0
0,0,16,-1.0,921,0,194.99999433988705,0,18440,17.235778187626345,4,0,0
0,0,20,999.0,922,1,271.00000659935176,0,18460,16.71333429366276,5,0,0
0,0,42,3999.0,923,4,687.9999953787774,0,18502,17.042713889432004,9,1,0
0,0,13,999.0,924,1,194.99999433988705,0,18515,17.83501338788359,3,0,0
0,0,14,999.0,925,1,199.99999932944775,0,18529,16.639535727239753,3,0,0
0,0,6,-1.0,926,0,48.00000151619315,0,18535,17.022982472279793,0,0,0
0,0,29,2999.0,927,3,544.9999975715764,0,18564,14.772399648090024,7,0,0
0,0,3,-1.0,928,0,0,0,18567,20.214227651419005,0,0,0
0,0,30,2999.0,929,3,319.9999931966886,0,18597,14.849991963033258,6,0,0
0,0,8,-1.0,930,0,80.00000135158189,0,18605,15.800090973901039,1,0,0
0,0,42,1999.0,931,2,365.99999795667827,0,18647,15.951602094018963,9,0,0
0,0,16,999.0,932,1,145.99999466910958,0,18663,15.70478345238686,3,0,0
0,0,2,-1.0,933,0,0,0,18665,16.908766201044124,0,0,0
0,0,13,999.0,934,1,129.0000015660189,0,18678,15.63246277589274,2,0,0
0,0,3,-1.0,935,0,0,0,18681,22.54093241972323,0,0,0
0,0,10,-1.0,936,0,68.0000004847534,0,18691,16.653262437028708,2,0,0
0,0,33,1999.0,937,2,296.99999884469435,0,18724,16.07141030854193,7,0,0
0,0,57,5999.0,938,6,612.999999326421,0,18781,17.015246764687735,12,2,0
0,0,6,-1.0,939,0,49.00000070221722,0,18787,16.01948373946737,0,0,0
0,0,2,-1.0,940,0,0,0,18789,15.87305503887557,0,0,0
0,0,2,-1.0,941,0,0,0,18791,15.965558915836693,0,0,0
0,0,33,1999.0,942,2,267.9999939049594,0,18824,15.703035130558138,8,0,0
0,0,8,-1.0,943,0,76.0000030323863,0,18832,16.16936120424868,1,0,0
0,0,66,7999.0,944,8,916.9999626278877,0,18898,13.951579727858984,13,2,0
0,0,7,-1.0,945,0,49.99999988824129,0,18905,16.63770645456328,0,0,0
0,0,8,-1.0,946,0,174.9999953713268,0,18913,14.755161315713908,1,0,0
0,0,21,-1.0,947,0,417.999993681442,0,18934,14.265131735682255,4,0,0
0,0,31,1999.0,948,2,853.0000147223473,0,18965,15.68198419999081,6,1,0
0,0,36,1999.0,949,2,598.9999973541126,0,19001,16.036654008968508,5,1,0
0,0,15,-1.0,950,0,189.0000035171397,0,19016,14.940789745533404,4,0,0
0,0,11,-1.0,951,0,145.99999466910958,0,19027,16.255067758010327,2,0,0
0,0,1,-1.0,952,0,0,0,19028,7.982627529123821,0,0,0
0,0,7,-1.0,953,0,76.0000030323863,0,19035,16.0563325440098,0,0,0
0,0,69,5999.0,954,6,916.9999626278877,0,19104,15.487411777662638,14,2,0
0,0,5,-1.0,955,0,0,0,19109,18.22743442901507,0,0,0
0,0,2,-1.0,956,0,0,0,19111,13.871566672288973,0,0,0
0,0,18,-1.0,957,0,182.99999922979623,0,19129,15.366221268783544,5,0,0
0,0,22,999.0,958,1,220.9999943897128,0,19151,16.092037523043825,4,0,0
0,0,10,-1.0,959,0,140.9999987948686,0,19161,15.493561993951522,2,0,0
0,0,4,-1.0,960,0,0,0,19165,17.100971594221807,0,0,0
0,0,4,-1.0,961,0,0,0,19169,16.56145338529636,0,0,0
0,0,15,-1.0,962,0,173.00000313203782,0,19184,12.82094567744749,4,0,0
0,0,17,999.0,963,1,194.99999433988705,0,19201,17.365916482664325,4,0,0
0,0,123,11999.0,964,12,1734.0000157989562,0,19324,16.79985674352222,26,4,0
0,0,49,3999.0,965,4,571.0000024735928,0,19373,17.029023122316442,9,2,0
0,0,108,8999.0,966,9,1712.0000085351057,0,19481,15.852308925862673,23,5,0
0,0,3,-1.0,967,0,0,0,19484,13.101768225256613,0,0,0
0,0,3,-1.0,968,0,0,0,19487,22.475827108362715,0,0,0
0,0,23,-1.0,969,0,364.99999871477485,0,19510,15.783105438201305,5,0,0
0,0,9,-1.0,970,0,145.99999466910958,0,19519,16.632132063991133,2,0,0
0,0,7,-1.0,971,0,76.0000030323863,0,19526,13.805856460158099,0,0,0
0,0,24,-1.0,972,0,368.9999928115867,0,19550,15.37584132089213,5,0,0
0,0,99,8999.0,973,9,1969.0000129688997,0,19649,13.40107006891721,21,3,0
0,0,77,7999.0,974,8,1288.0000138282776,0,19726,14.234085514677448,16,4,0
0,0,14,999.0,975,1,233.00000410759822,0,19740,14.98493627474373,3,0,0
0,0,30,1999.0,976,2,737.0000040531158,0,19770,14.39315492773117,6,1,0
0,0,1,-1.0,977,0,0,0,19771,62.84166367014264,0,0,0
0,0,4,-1.0,978,0,0,0,19775,14.355353090763476,0,0,0
0,0,22,999.0,979,1,364.99999871477485,0,19797,12.799309341245651,5,0,0
0,0,12,999.0,980,1,243.99999515386298,0,19809,11.60972398456301,2,0,0
0,0,18,999.0,981,1,278.9999958500266,0,19827,12.796791169206534,4,0,0
0,0,7,-1.0,982,0,38.000000540632755,0,19834,12.095562768734755,0,0,0
0,0,12,999.0,983,1,174.9999953713268,0,19846,13.294099810513115,3,0,0
0,0,20,999.0,984,1,268.999996073544,0,19866,13.531977222500041,5,0,0
0,0,18,999.0,985,1,239.9999947717879,0,19884,14.568836196607528,4,0,0
0,0,5,-1.0,986,0,0,0,19889,17.865526717973445,0,0,0
0,0,5,-1.0,987,0,0,0,19894,12.934579946501472,0,0,0
0,0,8,-1.0,988,0,174.9999953713268,0,19902,14.860849954914018,1,0,0
0,0,4,-1.0,989,0,0,0,19906,14.728044286273608,0,0,0
0,0,43,1999.0,990,2,720.0000164273661,0,19949,15.789978097766939,9,1,0
0,0,23,-1.0,991,0,463.9999996405095,0,19972,15.692450139715831,5,0,0
0,0,23,-1.0,992,0,244.00000610854477,0,19995,16.824327041686644,5,0,0
0,0,13,999.0,993,1,194.99999433988705,0,20008,13.9289120592001,3,0,0
0,0,4,-1.0,994,0,0,0,20012,14.965546770188109,0,0,0
0,0,2,-1.0,995,0,0,0,20014,14.765426622662266,0,0,0
0,0,14,999.0,996,1,145.99999466910958,0,20028,14.822175311341313,3,0,0
0,0,19,-1.0,997,0,204.9999952595681,0,20047,15.85818572787132,4,0,0
0,0,13,-1.0,998,0,186.00000286474824,0,20060,14.708630423147973,2,0,0
0,0,10,-1.0,999,0,145.99999466910958,0,20070,16.139474354564015,1,0,0
0,0,17,-1.0,1000,0,307.99999655224383,0,20087,16.958157545937798,3,0,0
